District Name,Sum of ALL FUNDS-LOCAL PROPERTY TAXES FROM I&S,Sum of ALL FUNDS-TOTAL OPERATING REVENUE,Sum of ALL FUNDS-OTHER LOCAL & INTERMEDIATE REVENUE,Sum of ALL FUNDS-FEDERAL REVENUE,Sum of ALL FUNDS-STATE REVENUE,Sum of ALL FUNDS-LOCAL TAX REVENUE FROM M&O
A W BROWN LEADERSHIP ACADEMY,0,17380289,2343209,5837775,9199305,0
A+ ACADEMY,0,22301889,226764,5462223,16612902,0
A+ UNLIMITED POTENTIAL,0,2736607,444206,740187,1552214,0
ABBOTT ISD,328587,4450351,424063,480686,2464936,1080666
ABERNATHY ISD,1528080,11971116,435313,1937850,4691726,4906227
ABILENE ISD,18713370,196269774,3203793,60981296,82891157,49193528
ACADEMY FOR ACADEMIC EXCELLENCE,0,8090377,4627,3239919,4845831,0
ACADEMY ISD,3089594,17348176,620959,2154879,9097707,5474631
ACADEMY OF ACCELERATED LEARNING INC,0,11231727,88092,2477646,8665989,0
ACADEMY OF DALLAS,0,4237673,114478,1727517,2395678,0
ACCELERATED INTERMEDIATE ACADEMY,0,2821446,0,723903,2097543,0
ADRIAN ISD,665990,2372067,9939,261721,1529590,570817
ADVANTAGE ACADEMY,0,14416866,112129,2859414,11445323,0
AGUA DULCE ISD,437404,6795379,124203,1478923,3412939,1779314
ALAMO HEIGHTS ISD,14607510,53284523,6386456,5537540,2767004,38593523
ALBA-GOLDEN ISD,152034,12348688,196363,1978465,6454623,3719237
ALBANY ISD,0,7336015,402992,1088090,2746675,3098258
ALDINE ISD,70400448,838725906,12297852,224471376,372089079,229867599
ALEDO ISD,20343147,75705060,2855064,8077318,18721304,46051374
ALICE ISD,2985924,67163320,1456516,25169707,28761496,11775601
ALIEF ISD,35015226,574407991,9890027,164282738,229366378,170868848
ALIEF MONTESSORI COMMUNITY SCHOOL,0,4188574,163516,701860,3323198,0
ALLEN ISD,67903773,220069636,10132715,23776655,22491684,163668582
ALPINE ISD,1435725,14988067,1077427,3595399,3809365,6505876
ALTO ISD,778057,10914274,246266,2552913,6376376,1738719
ALVARADO ISD,8381564,40636121,1252289,8398638,16137990,14847204
ALVIN ISD,39168285,352118107,26021267,43279191,193798221,89019428
ALVORD ISD,848960,11809480,595226,1165456,5380174,4668624
AMARILLO ISD,15542273,364575767,7390291,78795118,181275238,97115120
AMBASSADORS PREPARATORY ACADEMY,0,2488399,6825,805921,1675653,0
AMHERST ISD,0,2587937,37071,396564,1588186,566116
AMIGOS POR VIDA-FRIENDS FOR LIFE PUB CHT,0,9378093,123148,2925530,6329415,0
ANAHUAC ISD,2384573,19100540,1466798,3620102,8039050,5974590
ANDERSON-SHIRO CISD,1906323,11803343,375357,1202003,2743524,7482459
ANDREWS ISD,7019754,47312859,3091498,6969588,3546999,33704774
ANGLETON ISD,18065009,78355567,4402938,13163942,25047153,35741534
ANNA ISD,10031944,52112258,1981120,6712883,24120423,19297832
ANSON ISD,564762,14260350,3532736,1702587,7217153,1807874
ANTHONY ISD,365083,12132828,100162,2892528,7195680,1944458
ANTON ISD,0,3562089,53881,1035296,1776402,696510
APPLE SPRINGS ISD,0,3091554,13663,516506,2032632,528753
AQUILLA ISD,322039,5393311,181111,591937,3505477,1114786
ARANSAS COUNTY ISD,1867220,43757937,948872,11162073,5463137,26183855
ARANSAS PASS ISD,1349708,23110713,464041,6982443,6978720,8685509
ARCHER CITY ISD,974245,7337207,463430,1060912,3613033,2199832
ARGYLE ISD,15508376,45429741,2976978,3017549,10231266,29203948
ARISTOI CLASSICAL ACADEMY,0,13878358,497671,2105018,11275669,0
ARLINGTON CLASSICS ACADEMY,0,16916074,771639,2249927,13894508,0
ARLINGTON ISD,100157199,696301758,12172855,159850595,171425478,352852830
ARP ISD,1313670,13826155,981335,2438972,6469317,3936531
ARROW ACADEMY,0,8672024,51873,2346954,6273197,0
ASPERMONT ISD,564710,3134669,152479,558858,847476,1575856
ATHENS ISD,6880512,37980446,673466,8964305,13273975,15068700
ATLANTA ISD,369477,29003634,981376,9012168,13017585,5992505
AUBREY ISD,7988233,33741924,852669,3646222,13859284,15383749
AUSTIN ACHIEVE PUBLIC SCHOOLS,0,38565989,4701634,9726841,24137514,0
AUSTIN DISCOVERY SCHOOL,0,4349320,348514,463017,3537789,0
AUSTIN ISD,169803675,974423742,49050599,217933665,44952256,662487222
AUSTWELL-TIVOLI ISD,917629,3048496,49660,595767,400828,2002241
AVALON ISD,40054,4964504,39549,391695,3959182,574078
AVERY ISD,0,5602469,174729,805967,3981622,640151
AVINGER ISD,0,2718814,18591,465059,1369979,865185
AXTELL ISD,0,13583319,307787,3585691,7778143,1911698
AZLE ISD,9053205,75489192,1787039,11459887,27011050,35231216
BAIRD ISD,625924,5420798,364111,762862,1619217,2674608
BAKERRIPLEY COMMUNITY SCHOOLS,0,20163666,39685,6361456,13762525,0
BALLINGER ISD,0,13451126,550788,2830847,5981411,4088080
BALMORHEA ISD,3431042,5150488,115227,421247,73018,4540996
BANDERA ISD,2390582,25177043,838769,3523772,4008595,16805907
BANGS ISD,548258,11855272,191709,2198305,5288045,4177213
BANQUETE ISD,2161117,13476232,280740,2085776,4211530,6898186
BARBERS HILL ISD,37634212,106496059,12274476,6762993,13305835,74152755
BARTLETT ISD,413103,7413523,646925,1584490,3831838,1350270
BASIS TEXAS,0,37304869,5742494,2540601,29021774,0
BASTROP ISD,22175916,135361217,2234724,24889010,59590931,48646552
BAY CITY ISD,7053449,47046096,2397966,12729332,16972155,14946643
BEATRICE MAYES INSTITUTE CHARTER SCHOOL,0,7081790,421402,2057141,4603247,0
BEAUMONT ISD,34716531,206373870,12038895,51097044,36142868,107095063
BECKVILLE ISD,4071,8986925,387721,1397854,4051061,3150289
BEEVILLE ISD,1379588,44405613,1472256,12240293,22246653,8446411
BELLEVUE ISD,375791,2787528,282123,288598,697619,1519188
BELLS ISD,1113536,12702687,511507,1478150,7291825,3421205
BELLVILLE ISD,2286069,29280569,1385718,6464725,6000719,15429407
BELTON ISD,18039955,147161530,3825819,20622050,78951902,43761759
BEN BOLT-PALITO BLANCO ISD,292878,8130111,128512,1388484,5637857,975258
BENAVIDES ISD,582145,6678677,273302,3533328,545351,2326696
BENJAMIN ISD,868927,5134623,2290702,459610,1167300,1217011
BETA ACADEMY,0,15616829,738604,1740179,13138046,0
BETTY M CONDRA SCHOOL FOR EDUCATION INNO,0,3281952,35350,968992,2277610,0
BEXAR COUNTY ACADEMY,0,4369390,195024,1641926,2532440,0
BIG SANDY ISD,733460,19951875,363212,4379198,10940881,4268584
BIG SPRING ISD,3791987,45864762,2367975,9779121,7181083,26536583
BIG SPRINGS CHARTER SCHOOL,0,4214444,32218,1079623,3102603,0
BIRDVILLE ISD,50256433,254052709,8893898,48744514,83395516,113018781
BISHOP CISD,2319841,20589454,1069744,4533694,7306636,7679380
BLACKWELL CISD,2513,7790469,795214,0,4723607,2271648
BLANCO ISD,1534475,15021087,635623,2204726,1088574,11092164
BLAND ISD,744761,10795244,204413,1694116,6200743,2695972
BLANKET ISD,69633,2777371,159743,448546,1350402,818680
BLOOM ACADEMY CHARTER SCHOOL,0,3511350,421622,745831,2343897,0
BLOOMBURG ISD,60809,4136544,63729,934934,2602436,535445
BLOOMING GROVE ISD,171062,12308116,269741,2139796,7242119,2656460
BLOOMINGTON ISD,623986,14368212,508434,4484421,7093292,2282065
BLUE RIDGE ISD,1858075,13914817,734030,1358960,8248983,3572844
BLUFF DALE ISD,328487,3297341,75738,405781,786989,2028833
BLUM ISD,641227,6137699,225038,855390,2856859,2200412
BOB HOPE SCHOOL,0,32222548,1745208,6305359,24171981,0
BOERNE ISD,27720317,100242050,4200275,13493831,7104441,75443503
BOLES ISD,70420,10188214,157134,2795438,6964803,270839
BOLING ISD,0,13384920,644183,1119369,7115423,4505945
BONHAM ISD,3701928,30659569,4608092,8083130,8790824,9177523
BOOKER ISD,0,5661790,217898,667055,3356927,1419910
BORDEN COUNTY ISD,3218840,7871933,2050791,461139,1815654,3544349
BORGER ISD,3929895,29735461,2101096,6269253,15538268,5826844
BOSQUEVILLE ISD,479496,10451589,352238,1266925,6510223,2322203
BOVINA ISD,0,7356734,48312,1339960,4812176,1156286
BOWIE ISD,1874064,20380808,345144,4106058,6083160,9846446
BOYD ISD,1558688,15447082,558665,2484003,5181742,7222672
BOYS RANCH ISD,0,7696618,2547467,2488960,2660191,0
BRACKETT ISD,0,8715553,394597,1500096,898269,5922591
BRADY ISD,1693361,15751098,1157450,4297684,5994478,4301486
BRAZOS ISD,1222451,11154156,310816,1340395,5747064,3755881
BRAZOS RIVER CHARTER SCHOOL,0,2623131,109979,316255,2196897,0
BRAZOS SCHOOL FOR INQUIRY & CREATIVITY,0,4779198,10695,1554277,3214226,0
BRAZOSPORT ISD,37605034,163493633,29324751,29394335,15942291,88832256
BRECKENRIDGE ISD,4687,20254034,523886,4791198,9817279,5121671
BREMOND ISD,869377,7208563,193156,1240252,3067082,2708073
BRENHAM ISD,2793375,57448937,884557,12442718,12372618,31749044
BRIDGE CITY ISD,1241900,31948811,1273709,4183545,15538135,10953422
BRIDGEPORT ISD,2119161,28882826,2992908,6774029,4855766,14260123
BRIDGEWAY PREPARATORY ACADEMY,0,1595965,118063,590237,887665,0
BROADDUS ISD,739152,7516663,49915,1546200,755893,5164655
BROCK ISD,4388009,20340390,755513,1274890,8487445,9822542
BRONTE ISD,0,4001193,437534,419784,1668875,1475000
BROOKELAND ISD,0,6245588,59987,2153328,720563,3311710
BROOKESMITH ISD,101485,4570039,230823,475403,2424346,1439467
BROOKS ACADEMIES OF TEXAS,0,40938826,823611,8452337,31662878,0
BROOKS COUNTY ISD,2185423,25667053,486070,10033358,10064333,5083292
BROWNFIELD ISD,2321096,26194954,371139,7873241,12852686,5097888
BROWNSBORO ISD,2456225,32934695,572986,7145999,16763558,8452152
BROWNSVILLE ISD,8972046,598926944,8407586,195598257,325925069,68996032
BROWNWOOD ISD,2337568,42091315,913497,10320096,15053545,15804177
BRUCEVILLE-EDDY ISD,404840,9927807,290406,1283639,5821859,2531903
BRYAN ISD,26565942,195788852,4601777,41385018,59349411,90452646
BRYSON ISD,875986,4437100,438167,903629,1160895,1934409
BUCKHOLTS ISD,24959,2755974,149372,452006,1750184,404412
BUENA VISTA ISD,0,7576967,3078881,462176,973630,3062280
BUFFALO ISD,1485811,15163576,366116,2846490,6766852,5184118
BULLARD ISD,5600596,31403019,1465596,4570962,12127807,13238654
BUNA ISD,1722189,22312820,1797599,4178823,11814431,4521967
BURKBURNETT ISD,3618212,40325975,482473,9509732,20184007,10149763
BURKEVILLE ISD,239449,4776784,123852,1330793,819439,2502700
BURLESON ISD,28918256,134200682,4331545,18211758,53870623,57786756
BURNET CISD,7508597,38988694,1182952,5937937,3054835,28812970
BURNHAM WOOD CHARTER SCHOOL DISTRICT,0,16444679,394670,3571753,12478256,0
BURTON ISD,646304,8242983,459933,1164374,306536,6312140
BUSHLAND ISD,2768521,16899732,669899,1694883,1682782,12852168
BYNUM ISD,170015,3494484,290893,362985,1745625,1094981
CADDO MILLS ISD,4192032,26988263,901400,3961836,13954154,8170873
CALALLEN ISD,6257783,47933582,1162868,7049109,18311976,21409629
CALDWELL ISD,3569578,25988580,866029,3923074,7575017,13624460
CALHOUN COUNTY ISD,7184313,48942198,3397475,12836695,3401361,29306667
CALLISBURG ISD,1321461,13461441,419201,1367973,3217719,8456548
CALVERT ISD,472262,3555872,65213,1209516,592262,1688881
CALVIN NELMS CHARTER SCHOOLS,0,3324240,81193,53530,3189517,0
CAMERON ISD,1552564,21622608,669135,6050107,10654548,4248818
CAMPBELL ISD,0,5611927,69374,1402529,2803960,1336064
CANADIAN ISD,2770983,11354047,784687,1137694,899300,8532366
CANTON ISD,4360716,24445528,930711,3095649,11559301,8859867
CANUTILLO ISD,10111968,79029581,915085,20009800,30490843,27613853
CANYON ISD,18463572,105291434,4868769,13502226,32550946,54369493
CARLISLE ISD,511435,10023047,501470,1732004,6391220,1398353
CARRIZO SPRINGS CISD,3002637,30433200,763251,7764318,2554120,19351511
CARROLL ISD,33515518,89807404,15948900,5457345,7554068,60847091
CARROLLTON-FARMERS BRANCH ISD,50731729,310854953,6253034,51203310,35544965,217853644
CARTHAGE ISD,6986077,36760226,2698208,10104897,1546282,22410839
CASTLEBERRY ISD,3784436,50813079,652949,12159407,28145623,9855100
CAYUGA ISD,0,11722948,1776451,2647825,4204460,3094212
CEDAR HILL ISD,14646234,81899980,1849264,20795082,19892703,39362931
CEDARS INTERNATIONAL ACADEMY,0,7407560,165600,1634008,5607952,0
CELESTE ISD,432252,8201862,237416,1552324,4819614,1592508
CELINA ISD,10718273,42413802,7705513,3164060,11299055,20245174
CENTER ISD,1708004,36833198,672546,10558678,19367786,6234188
CENTER POINT ISD,3505,8770439,155600,1828862,3152436,3633541
CENTERVILLE ISD,1244419,14353057,342863,3587597,6343799,4078798
CENTRAL HEIGHTS ISD,467109,16069920,1799261,3055602,9860072,1354985
CENTRAL ISD,492122,20435730,700577,4125815,12262213,3347125
CHANNELVIEW ISD,15762812,119600975,5458863,20604838,55557425,37979849
CHANNING ISD,328392,2715586,76921,492207,217346,1929112
CHAPARRAL STAR ACADEMY,0,3154486,18757,101292,3034437,0
CHAPEL HILL ACADEMY,0,8435645,400675,1591081,6443889,0
CHAPEL HILL ISD,1842641,59271997,1937925,10009065,30787845,16537162
CHARLOTTE ISD,773506,7006201,253724,1644356,1603851,3504270
CHEROKEE ISD,0,2886105,75344,496136,1535848,778777
CHESTER ISD,1952,3465231,25381,449999,1985391,1004460
CHICO ISD,1327781,8350686,183749,1310653,515667,6340617
CHILDRESS ISD,1281,13409841,404609,2345844,6267263,4392125
CHILLICOTHE ISD,1134971,4110329,738890,601505,1306631,1463303
CHILTON ISD,192401,9043631,508916,1757539,5924192,852984
CHINA SPRING ISD,4743713,30631834,1158559,4116584,14813942,10542749
CHIRENO ISD,39,7446976,803009,1101082,3083889,2458996
CHISUM ISD,2032875,16035662,867247,2689971,1675457,10802987
CHRISTOVAL ISD,2343,8609104,380646,777639,4224442,3226377
CISCO ISD,0,12922014,433342,2665172,4383266,5440234
CITY VIEW ISD,696305,21268194,1533661,5159693,12320658,2254182
CITYSCAPE SCHOOLS,0,18972445,625590,4245639,14101216,0
CLARENDON ISD,0,6736605,112647,937086,3646636,2040236
CLARKSVILLE ISD,0,9518072,210387,2320399,4356985,2630301
CLAUDE ISD,140270,4798419,116780,540412,1913429,2227798
CLEAR CREEK ISD,79267752,389745415,23640580,48018424,75691177,242395234
CLEBURNE ISD,15919965,86807491,2395637,15691429,33859800,34860625
CLEVELAND ISD,10252558,135948247,1485280,17787327,92624963,24050677
CLIFTON ISD,1833807,13627936,330971,1612929,5119401,6564635
CLINT ISD,6746279,151162779,1451269,42862480,89504429,17344601
CLYDE CISD,1827320,17670939,413756,3225955,8813274,5217954
COAHOMA ISD,2065239,15983046,2618115,2875290,4458132,6031509
COLDSPRING-OAKHURST CISD,1292362,22166655,250401,4909067,2263684,14743503
COLEMAN ISD,0,13450024,175666,3511654,7444260,2318444
COLLEGE STATION ISD,29748495,147249537,4618042,24900891,11096765,106633839
COLLINSVILLE ISD,576018,8629419,344244,1008380,4767845,2508950
COLMESNEIL ISD,2194,6465453,61426,990856,3879588,1533583
COLORADO ISD,1996298,15575251,938691,4391140,4757417,5488003
COLUMBIA-BRAZORIA ISD,3460076,33260082,827042,5731816,11622151,15079073
COLUMBUS ISD,2436038,19387443,332424,3675620,2483953,12895446
COMAL ISD,74421966,271168060,16925743,37226536,19711459,197304322
COMANCHE ISD,876517,19658293,785258,4271744,9361463,5239828
COMFORT ISD,3141967,15272567,652669,3039570,2267443,9312885
COMMERCE ISD,2089311,22844942,1190876,5722430,10141296,5790340
COMMUNITY ISD,7615313,37869418,823484,4444234,17887042,14714658
COMO-PICKTON CISD,0,11443345,509820,2307214,6984135,1642176
COMPASS ACADEMY CHARTER SCHOOL,0,13322994,426758,935436,11960800,0
COMPASS ROSE PUBLIC SCHOOLS,0,27922270,64086,7082977,20775207,0
COMQUEST ACADEMY,0,723199,72512,212070,438617,0
COMSTOCK ISD,414329,3580967,57433,533945,154931,2834658
CONNALLY ISD,2039751,31798686,450285,7804139,14747821,8796441
CONROE ISD,110775340,686718692,7563577,107882641,180084907,391187567
COOLIDGE ISD,160876,5944991,309648,1240084,3583355,811904
COOPER ISD,569503,12990563,369820,2405579,7482877,2732287
COPPELL ISD,34664976,129201315,7858749,11069547,7688930,102584089
COPPERAS COVE ISD,1184383,94732580,2942270,15858445,59811649,16120216
CORPUS CHRISTI ISD,48373248,390303000,6115238,113078588,105205719,165903455
CORPUS CHRISTI MONTESSORI SCHOOL,0,1276472,7604,102241,1166627,0
CORRIGAN-CAMDEN ISD,876141,14383818,1645812,3429161,5216920,4091925
CORSICANA ISD,6216420,75018033,1838125,18355861,33505853,21318194
COTTON CENTER ISD,0,3291841,61887,456586,2316654,456714
COTULLA ISD,4127378,24912467,911269,4732477,3638205,15630516
COUPLAND ISD,232500,4055372,115174,551116,1876086,1512996
COVINGTON ISD,126974,9137905,2927381,2122483,2969812,1118229
CRANDALL ISD,8166594,58499175,1619639,8656344,33932294,14290898
CRANE ISD,1175410,16244417,2006210,1818205,2272021,10147981
CRANFILLS GAP ISD,0,2507946,159127,367518,794635,1186666
CRAWFORD ISD,542161,8814782,1177668,603153,4460495,2573466
CROCKETT COUNTY CONSOLIDATED CSD,7246011,11455394,791462,1598223,395503,8670206
CROCKETT ISD,1219736,21950219,569983,7798965,8711641,4869630
CROSBY ISD,11559825,74337824,1615146,12910392,36533033,23279253
CROSBYTON CISD,664030,6235364,157838,1606769,3277147,1193610
CROSS PLAINS ISD,0,5757356,58525,780751,3006429,1911651
CROSS ROADS ISD,473053,9199738,200261,2154596,4064645,2780236
CROSSTIMBERS ACADEMY,0,1644584,3391,118115,1523078,0
CROWELL ISD,601723,4342239,431856,980373,142615,2787395
CROWLEY ISD,42159125,199532743,5419186,40050620,70782344,83280593
CRYSTAL CITY ISD,3402942,22880866,316107,5632054,8632578,8300127
CUERO ISD,6709893,29346279,786609,6775759,12125924,9657987
CULBERSON COUNTY-ALLAMOORE ISD,11781350,10193108,502168,1375852,2142955,6172133
CUMBERLAND ACADEMY,0,22775705,971592,2882005,18922108,0
CUMBY ISD,439861,7022824,230515,1081499,4773205,937605
CUSHING ISD,475874,8905856,161037,1520842,5488199,1735778
CYPRESS-FAIRBANKS ISD,242551183,1198219394,39436291,236900704,372375261,549507138
D'HANIS ISD,345338,4093075,100880,818766,972157,2201272
DAINGERFIELD-LONE STAR ISD,935480,17691298,814312,4946419,5174688,6755879
DALHART ISD,1005819,20055264,562440,3623495,3271878,12597451
DALLAS ISD,340140691,1906648921,9958023,450725570,127704462,1318260866
DAMON ISD,0,2820052,245138,544013,907138,1123763
DANBURY ISD,1200795,10462847,356385,1127589,5492021,3486852
DARROUZETT ISD,312736,2822474,289683,368697,1668649,495445
DAWSON ISD,619523,11846711,723182,2274056,6271466,2578007
DAYTON ISD,7690107,62686398,1078165,11762902,27172150,22673181
DE LEON ISD,429430,13109418,673310,3251930,6750192,2433986
DECATUR ISD,6246731,40815451,1995943,6407653,8064493,24347362
DEER PARK ISD,26903883,161457479,5950455,24707533,27386363,103413128
DEKALB ISD,0,12465319,445794,2414121,7246281,2359123
DEL VALLE ISD,31037938,135862969,3537830,32132383,18143858,82048898
DELL CITY ISD,0,2007415,81736,403471,880647,641561
DENISON ISD,7963345,58856195,1547960,11400307,22585974,23321954
DENTON ISD,110631465,353165342,10870901,54579791,83878189,203836461
DENVER CITY ISD,3611578,14494234,909664,2047615,2740397,8796558
DESOTO ISD,16914763,96381614,2217463,25697363,30518939,37947849
DETROIT ISD,232239,10415494,689724,2727838,6120332,877600
DEVERS ISD,149024,3156566,131258,534680,421340,2069288
DEVINE ISD,1350692,22245980,551246,4058999,12588417,5047318
DEW ISD,114015,2490462,335645,400166,139621,1615030
DEWEYVILLE ISD,965386,9372226,199529,1972359,2011547,5188791
DIBOLL ISD,809421,24735139,508249,5397168,15607825,3221897
DICKINSON ISD,25029939,131322593,4105552,24448404,53125695,49642942
DILLEY ISD,5175275,20145140,598493,4346442,4688342,10511863
DIME BOX ISD,156312,3146810,111243,378493,992872,1664202
DIMMITT ISD,2737656,16313960,392730,3288605,9476415,3156210
DIVIDE ISD,0,940416,43748,0,143825,752843
DODD CITY ISD,227291,4690199,201671,635724,3057776,795028
DONNA ISD,2470334,188918512,4168627,58000763,107628012,19121110
DOSS CONSOLIDATED CSD,0,915028,5815,33888,292604,582721
DOUGLASS ISD,0,6348687,141238,1031001,3588840,1587608
DR M L GARZA-GONZALEZ CHARTER SCHOOL,0,3006418,177158,1041818,1787442,0
DRAW ACADEMY,0,9994977,34489,1963021,7997467,0
DRIPPING SPRINGS ISD,26433742,80587087,5982489,6141699,6468888,61994011
DRISCOLL ISD,427220,5059890,138886,1156532,2915466,849006
DUBLIN ISD,690664,17230328,545136,4161765,8243770,4279657
DUMAS ISD,8166822,48128838,1196281,9373827,18844729,18714001
DUNCANVILLE ISD,18995392,141404131,3239403,26532497,57115908,54516323
EAGLE MT-SAGINAW ISD,61474949,243256543,4466865,37295617,83274774,118219287
EAGLE PASS ISD,2672679,190671774,1297701,54035284,106404092,28934697
EANES ISD,21813080,85369322,11185661,4310903,4191537,65681221
EARLY ISD,1428139,15770218,323409,2755520,8914387,3776902
EAST BERNARD ISD,1213698,13579989,886091,1560675,6369216,4764007
EAST CENTRAL ISD,11059158,116279262,3322735,26948828,41748551,44259148
EAST CHAMBERS ISD,866315,23513235,1880734,5742615,12479175,3410711
EAST FORT WORTH MONTESSORI ACADEMY,0,3120958,257052,1165735,1698171,0
EAST TEXAS CHARTER SCHOOLS,0,1534783,44510,32663,1457610,0
EASTLAND ISD,921336,14739765,477284,2842624,5869016,5550841
ECTOR COUNTY ISD,18306199,357701947,9246259,70896186,125034633,152524869
ECTOR ISD,78847,3636399,114986,559064,2235712,726637
EDCOUCH-ELSA ISD,994736,58104282,167579,12828143,40528759,4579801
EDEN CISD,2737249,8347614,4358375,480802,1431014,2077423
EDGEWOOD ISD,4460173,140870461,1831363,45678689,71336194,22024215
EDINBURG CISD,7174749,441984559,4973068,125464560,227471896,84075035
EDNA ISD,1432012,20876840,1948933,4127169,8877133,5923605
EDUCATION CENTER INTERNATIONAL ACADEMY,0,5074770,56241,842535,4175994,0
EHRHART SCHOOL,0,7014408,793,1555253,5458362,0
EL CAMPO ISD,1071139,46797681,1967020,10588378,19073324,15168959
EL PASO ACADEMY,0,3315802,29201,458864,2827737,0
EL PASO ISD,52524598,646906493,4667316,165043815,294209524,182985838
EL PASO LEADERSHIP ACADEMY,0,4746486,93156,1579456,3073874,0
ELEANOR KOLITZ HEBREW LANGUAGE ACADEMY,0,4779556,199136,239810,4340610,0
ELECTRA ISD,609190,7873537,238327,1527458,4364079,1743673
ELEVATE COLLEGIATE CHARTER SCHOOL,0,1550152,449638,677053,423461,0
ELGIN ISD,9165917,65249418,1647685,13211922,31676029,18713782
ELKHART ISD,745177,16091795,614755,2411332,9840988,3224720
ELYSIAN FIELDS ISD,867187,13495439,761078,1403817,200818,11129726
ENNIS ISD,12597927,72576288,1489725,15022641,28780182,27283740
ERA ISD,469168,7437997,176343,1178203,3697285,2386166
ERATH EXCELS ACADEMY INC,0,1525787,11598,460959,1053230,0
ETOILE ACADEMY CHARTER SCHOOL,0,4919798,9803,1163945,3746050,0
ETOILE ISD,162690,1701253,83986,508519,444017,664731
EULA ISD,500528,7162629,171509,1072863,2772943,3145314
EUSTACE ISD,2831619,22301196,633186,5189714,9775355,6702941
EVADALE ISD,474355,6498459,105930,1362836,1493353,3536340
EVANT ISD,0,3899108,106847,997027,1540046,1255188
EVERMAN ISD,6583754,76251098,740618,18327256,39134471,18048753
EVOLUTION ACADEMY CHARTER SCHOOL,0,6922966,15336,1891388,5016242,0
EXCEL ACADEMY,0,5171230,35214,2230460,2905556,0
EXCELLENCE IN LEADERSHIP ACADEMY,0,4639930,15519,1218163,3406248,0
EXCELSIOR ISD,0,1511029,4419,348822,818960,338828
EZZELL ISD,240393,1319913,40947,177903,253027,848036
FABENS ISD,683794,33748457,947081,11534396,18930101,2336879
FAIRFIELD ISD,1736940,23745416,2453701,4868491,3393090,13030134
FALLS CITY ISD,3011641,5749180,11553,741545,264934,4731148
FANNINDEL ISD,71477,3656174,341748,704089,1712262,898075
FARMERSVILLE ISD,3371787,25753568,592733,4016399,12776891,8367545
FARWELL ISD,685821,9200839,164604,1462173,5715096,1858966
FAYETTEVILLE ISD,808127,3863496,257340,338058,705293,2562805
FERRIS ISD,2029257,31745580,540849,3872106,21230315,6102310
FLATONIA ISD,850926,9454321,373073,958701,3453971,4668576
FLORENCE ISD,1087600,15929954,304562,2753854,6517405,6354133
FLORESVILLE ISD,4592771,44520420,2022900,8184457,19142816,15170247
FLOUR BLUFF ISD,2664794,62077315,1480399,12175860,14954247,33466809
FLOYDADA COLLEGIATE ISD,2951655,12039773,487942,2926231,5443921,3181679
FOLLETT ISD,232798,2850094,73095,386168,1526354,864477
FORESTBURG ISD,0,2838615,68318,539457,414746,1816094
FORNEY ISD,32429135,145493015,5210885,18192161,65469103,56620866
FORSAN ISD,1688462,9152032,428931,906468,2007874,5808759
FORT BEND ISD,134803706,828904374,16210555,148643626,236334715,427715478
FORT ELLIOTT CISD,684758,3094864,114644,85237,1524345,1370638
FORT STOCKTON ISD,7537059,32054339,1590016,6647853,5019226,18797244
FORT WORTH ACADEMY OF FINE ARTS,0,6451668,120847,503522,5827299,0
FORT WORTH ISD,128049435,987506836,13191137,240403426,271250389,462661884
FRANKLIN ISD,2085308,18425061,1933594,2954988,747274,12789205
FRANKSTON ISD,854378,12716801,208546,2734519,6903713,2870023
FREDERICKSBURG ISD,5674308,40199470,2910054,6448502,1924596,28916318
FREER ISD,1687756,14221338,292565,4211973,6083959,3632841
FRENSHIP ISD,24789256,107480699,3809464,12488591,44852437,46330207
FRIENDSWOOD ISD,11965914,62129166,6341845,4366005,14717440,36703876
FRIONA ISD,1939661,16111615,729831,3802979,7227241,4351564
FRISCO ISD,126407736,678034176,41136738,68792644,106123831,461980963
FROST ISD,563587,6702135,239702,874398,3599276,1988759
FRUITVALE ISD,93639,7800091,121084,1590169,5443541,645297
FT DAVIS ISD,0,2731471,73207,357435,176072,2124757
FT HANCOCK ISD,124798,6987145,133749,1841813,2228775,2782808
FT SAM HOUSTON ISD,0,31366022,2427380,15318224,13620418,0
GAINESVILLE ISD,1196425,43726677,510921,12835971,15737717,14642068
GALENA PARK ISD,32436723,284346344,3709537,61964716,111047783,107624308
GALVESTON ISD,8043783,97993641,9447272,26927031,3557534,58061804
GANADO ISD,1422332,9823961,195638,1021054,6073118,2534151
GARLAND ISD,75829235,619901249,11595731,135621370,248851223,223832925
GARNER ISD,160568,4058105,99067,679780,1097820,2181438
GARRISON ISD,474876,10564419,187035,1404525,7386539,1586320
GARY ISD,605619,7316237,208616,1877148,4010109,1220364
GATESVILLE ISD,2002611,30882194,649537,6534352,15259296,8439009
GATEWAY CHARTER ACADEMY,0,8586063,194693,2641245,5750125,0
GAUSE ISD,0,2766650,67104,390087,494046,1815413
GEORGE GERVIN ACADEMY,0,11168504,510869,3067147,7590488,0
GEORGE I SANCHEZ CHARTER,0,13640701,397353,3191443,10051905,0
GEORGE WEST ISD,1936293,14103412,277615,3201434,2809353,7815010
GEORGETOWN ISD,45718939,136180892,4878345,21881782,7827090,101593675
GHOLSON ISD,0,3635432,51497,633973,2317553,632409
GIDDINGS ISD,2156460,24855037,528910,5336106,9406638,9583383
GILMER ISD,3257279,39555750,4265060,8101776,17394375,9794539
GLADEWATER ISD,1872895,23049925,601293,4797562,11952601,5698469
GLASSCOCK COUNTY ISD,4842261,8153736,482383,242307,1824869,5604177
GLEN ROSE ISD,2556830,27591975,2407715,3811813,4637074,16735373
GODLEY ISD,5863282,34602556,4342570,3993888,14624517,11641581
GOLD BURG ISD,0,2669884,102271,425944,865757,1275912
GOLDEN RULE CHARTER SCHOOL,0,20622527,406003,4158379,16058145,0
GOLDTHWAITE ISD,1367853,10098840,1479734,2094414,3438956,3085736
GOLIAD ISD,1327461,18258849,1845864,3335090,5248327,7829568
GONZALES ISD,1462017,34097374,737268,6850486,8833493,17676127
GOODRICH ISD,175939,4742114,87951,1298617,1733329,1622217
GOODWATER MONTESSORI SCHOOL,0,3812604,203050,596035,3013519,0
GOOSE CREEK CISD,49452960,289890848,7230778,55169154,93869363,133621553
GORDON ISD,0,3685001,181046,513741,1324063,1666151
GORMAN ISD,320106,6242344,805635,1739360,2343690,1353659
GRADY ISD,10037906,7259890,731501,862165,123029,5543195
GRAFORD ISD,693388,5408445,282524,795356,173578,4156987
GRAHAM ISD,2427037,26131973,951909,3761971,13896612,7521481
GRANBURY ISD,10293637,81047160,1595590,13083914,5291542,61076114
GRAND PRAIRIE ISD,41737577,342899236,9375196,75591081,161351141,96581818
GRAND SALINE ISD,911433,16694425,524602,3133026,9656947,3379850
GRANDFALLS-ROYALTY ISD,698850,2461578,60113,395286,781211,1224968
GRANDVIEW ISD,1316453,15823896,535051,1993532,9519558,3775755
GRANDVIEW-HOPKINS ISD,555,987497,8380,37549,178293,763275
GRANGER ISD,72,7649053,226213,1067423,4487517,1867900
GRAPE CREEK ISD,743159,17690268,394253,3233748,10340998,3721269
GRAPELAND ISD,808172,8577519,176135,1263961,3425809,3711614
GRAPEVINE-COLLEYVILLE ISD,55039626,147319110,17982205,15919369,13024463,100393073
GREAT HEARTS TEXAS,0,90225728,8418954,7657898,74148876,0
GREENVILLE ISD,7059948,68244481,1375724,17743861,22827079,26297817
GREENWOOD ISD,3756564,40051424,1044493,4812699,8559027,25635205
GREGORY-PORTLAND ISD,27381344,79001509,1596267,8860831,12451391,56093020
GROESBECK ISD,3100398,22392696,578601,6441478,2948374,12424243
GROOM ISD,1025930,2792538,57133,278874,1463088,993443
GROVETON ISD,0,12799826,620715,3092970,5513167,3572974
GRUVER ISD,940197,6346052,125962,664535,3000931,2554624
GUNTER ISD,2311532,18780545,4847653,1967946,6697856,5267090
GUSTINE ISD,73886,3022564,45172,810853,1203833,962706
GUTHRIE CSD,434681,2529286,313828,43132,978465,1193861
HALE CENTER ISD,291014,8969808,147957,1363513,6370137,1088201
HALLETTSVILLE ISD,1956807,15686441,1185532,2376036,3850008,8274865
HALLSBURG ISD,140567,2336267,147637,323352,970866,894412
HALLSVILLE ISD,6885162,189500425,13742257,12641239,136251475,26865454
HAMILTON ISD,3156,12066788,195943,1817024,6146638,3907183
HAMLIN COLLEGIATE ISD,392474,7843378,329020,1992390,4063833,1458135
HAMSHIRE-FANNETT ISD,3040954,21928148,532099,2780885,10373298,8241866
HAPPY ISD,0,3910678,167990,622679,2238171,881838
HARDIN ISD,1605240,17038427,572505,3211737,8028262,5225923
HARDIN-JEFFERSON ISD,3371231,33167042,1398131,9898340,11914024,9956547
HARLANDALE ISD,9435153,163670187,2305150,45487298,94468955,21408784
HARLETON ISD,146799,10232586,278700,1562282,6539528,1852076
HARLINGEN CISD,6336702,240339324,5659295,67871835,123524263,43283931
HARMONY ISD,257964,14168514,276435,2119023,6883005,4890051
HARMONY PUBLIC SCHOOLS - CENTRAL TEXAS,0,58248109,4624036,10017673,43606400,0
HARMONY PUBLIC SCHOOLS - HOUSTON NORTH,0,78274053,2440000,13829342,62004711,0
HARMONY PUBLIC SCHOOLS - HOUSTON SOUTH,0,52626942,2258374,11190228,39178340,0
HARMONY PUBLIC SCHOOLS - HOUSTON WEST,0,54559793,3413623,8641474,42504696,0
HARMONY PUBLIC SCHOOLS - NORTH TEXAS,0,129088213,4357894,21100902,103629417,0
HARMONY PUBLIC SCHOOLS - SOUTH TEXAS,0,63974335,1050199,14844031,48080105,0
HARMONY PUBLIC SCHOOLS - WEST TEXAS,0,58284825,671346,10970558,46642921,0
HARPER ISD,0,7510373,288950,683695,628659,5909069
HARROLD ISD,0,2646432,619093,106855,1073767,846717
HART ISD,225659,3694424,122193,741623,1972714,857894
HARTLEY ISD,540468,3563322,81889,505455,957597,2018381
HARTS BLUFF ISD,0,11487072,246296,2280068,7211483,1749225
HASKELL CISD,1828072,9436931,914934,1796455,3909471,2816071
HAWKINS ISD,2518246,12466935,539162,3326487,2096723,6504563
HAWLEY ISD,433466,11539675,248027,1717512,7711350,1862786
HAYS CISD,55838727,223844927,5621126,34476319,83773593,99973889
HEARNE ISD,849239,15540408,490570,5294887,4826344,4928607
HEDLEY ISD,0,2577578,45155,362847,1460187,709389
HEMPHILL ISD,0,13804913,930450,3142184,4080456,5651823
HEMPSTEAD ISD,1582765,21997770,508574,4573197,9098378,7817621
HENDERSON ISD,3627463,41341020,1884716,9181052,15395669,14879583
HENRIETTA ISD,1120250,14056918,663808,2643594,6914564,3834952
HENRY FORD ACADEMY ALAMEDA SCHOOL FOR AR,0,1124253,27698,261394,835161,0
HEREFORD ISD,2100931,48003969,1923341,10362868,20118231,15599529
HERITAGE ACADEMY,0,8149831,66967,1898019,6184845,0
HERMLEIGH ISD,633630,4541722,752226,554403,641625,2593468
HICO ISD,443153,9227442,380056,1458992,4568915,2819479
HIDALGO ISD,1641358,47023001,408850,16118066,24245994,6250091
HIGH ISLAND ISD,171296,2920828,159657,436575,540247,1784349
HIGH POINT ACADEMY,0,17366478,257295,2354319,14754864,0
HIGHLAND ISD,841089,4208734,630698,354429,609073,2614534
HIGHLAND PARK ISD,29488044,90851743,17227366,4882997,4262169,64479211
HILLSBORO ISD,3482780,26463414,548915,5369671,12343230,8201598
HITCHCOCK ISD,2185457,26664653,2503475,9010241,5757945,9392992
HOLLAND ISD,523386,10223233,863494,1820173,6114840,1424726
HOLLIDAY ISD,1271903,13805542,268569,1099795,8198240,4238938
HONDO ISD,2443016,19215114,534703,3702184,6785701,8192526
HONEY GROVE ISD,659414,10444811,810804,1775543,5397519,2460945
HOOKS ISD,417162,14068045,418857,2956953,8796849,1895386
HORIZON MONTESSORI PUBLIC SCHOOLS,0,17031404,236754,4248118,12546532,0
HOUSTON CLASSICAL CHARTER SCHOOL,0,2606277,980439,455609,1170229,0
HOUSTON GATEWAY ACADEMY INC,0,29974875,58498,8802230,21114147,0
HOUSTON HEIGHTS HIGH SCHOOL,0,2431280,2163,526860,1902257,0
HOUSTON ISD,319798020,2535319349,63751893,699119668,162045419,1610402369
HOWE ISD,1449462,16681856,513831,2056768,10256632,3854625
HUBBARD ISD,554705,8980564,235645,1577519,5742151,1425249
HUCKABAY ISD,652377,4252042,243652,499135,1488586,2020669
HUDSON ISD,712884,34806631,1596508,5730363,20849838,6629922
HUFFMAN ISD,5051616,47522729,5835821,6496473,20047981,15142454
HUGHES SPRINGS ISD,66,16046347,423024,2899493,10078407,2645423
HULL-DAISETTA ISD,145497,8072044,77921,2110545,2953828,2929750
HUMBLE ISD,64930835,535493368,29295578,80856960,241739411,183601419
HUNT ISD,380240,3527790,69445,544084,117498,2796763
HUNTINGTON ISD,974888,21585569,576864,4597230,12183142,4228333
HUNTSVILLE ISD,5816449,156195697,1015809,16321732,102028921,36829235
HURST-EULESS-BEDFORD ISD,39480714,254964601,2678893,50612791,46469645,155203272
HUTTO ISD,23675225,103731190,4000490,14551750,35679456,49499494
IDALOU ISD,749739,12839634,850699,769550,7867500,3351885
IDEA PUBLIC SCHOOLS,0,941462208,27672874,199300444,714488890,0
IMAGINE INTERNATIONAL ACADEMY OF NORTH T,0,13491498,560663,919100,12011735,0
INDUSTRIAL ISD,2056633,16570828,472777,1945107,3814483,10338461
INGLESIDE ISD,3255506,27708899,2642402,4914837,2276099,17875561
INGRAM ISD,1241394,16745859,562137,3091904,6722213,6369605
INSPIRE ACADEMIES,0,12425981,566763,4367990,7491228,0
INSPIRED VISION ACADEMY,0,18659533,183924,4570962,13904647,0
INTERNATIONAL LEADERSHIP OF TEXAS (ILTEX,0,248187022,1441892,41970090,204775040,0
IOLA ISD,759967,7948390,475517,1164586,2346386,3961901
IOWA PARK CISD,2405537,22391951,507031,2684234,12540975,6659711
IRA ISD,684014,3780206,175515,342553,2198012,1064126
IRAAN-SHEFFIELD COLLEGIATE ISD,1692925,6155487,647711,896867,614382,3996527
IREDELL ISD,299616,2605003,112942,367296,555574,1569191
IRION COUNTY ISD,1845956,5186618,107702,624132,197852,4256932
IRVING ISD,43505088,387775780,5602084,76290620,153224772,152658304
ITALY ISD,602574,11391791,307474,1520618,7789541,1774158
ITASCA ISD,824433,11103567,385693,2103071,5902759,2712044
JACKSBORO ISD,3614926,16673553,1465527,3415274,4750955,7041797
JACKSONVILLE ISD,5820237,59627817,1265126,13352214,31373102,13637375
JARRELL ISD,10515425,32067230,684153,4836767,7896500,18649810
JASPER ISD,1249062,30579547,810858,6687924,13052259,10028506
JAYTON-GIRARD ISD,0,4263250,1192692,423950,417652,2228956
JEAN MASSIEU ACADEMY,0,2381489,13706,339394,2028389,0
JEFFERSON ISD,551609,19156712,552181,5191784,6952167,6460580
JIM HOGG COUNTY ISD,1460193,21013350,215898,9255243,8403937,3138272
JIM NED CISD,2135583,18294618,2600407,2565261,7024421,6104529
JOAQUIN ISD,971931,11830601,462608,2209116,6963973,2194904
JOHNSON CITY ISD,2209023,9963143,603595,1235465,357930,7766153
JONESBORO ISD,119479,5183700,36968,850028,3124720,1171984
JOSHUA ISD,6924494,68686634,1811423,12563910,34125799,20185502
JOURDANTON ISD,2684032,21594149,763678,3382250,8400829,9047392
JUBILEE ACADEMIES,0,90492083,1048405,29563184,59880494,0
JUDSON ISD,46578867,291044726,8732126,69680540,107492318,105139742
JUNCTION ISD,0,9850523,422448,1804773,2295534,5327768
KARNACK ISD,0,2994889,57739,1046699,81448,1809003
KARNES CITY ISD,4499024,14617056,-3189655,4913341,735910,12157460
KATHERINE ANNE PORTER SCHOOL,0,1074686,76767,272321,725598,0
KATY ISD,180650132,997319786,37309635,124632761,392717365,442660025
KAUFMAN ISD,4102753,49591957,635942,7821494,29076479,12058042
KEENE ISD,479775,16965525,363954,3362849,11063909,2174813
KELLER ISD,72413616,355286782,11653665,44893520,84765630,213973967
KELTON ISD,476563,2600458,130070,340046,463624,1666718
KEMP ISD,1896746,24050425,691596,4681958,12338964,6337907
KENEDY COUNTY WIDE CSD,0,2103654,-154246,132922,41432,2083546
KENEDY ISD,2543414,11604726,387298,2375867,1034060,7807501
KENNARD ISD,0,4569682,43797,1174181,2040536,1311168
KENNEDALE ISD,4919411,33734663,1976722,5391110,8551479,17815352
KERENS ISD,1328197,10289676,499474,2771041,3348784,3670377
KERMIT ISD,2098305,17844146,577504,3549221,4546804,9170617
KERRVILLE ISD,6073481,56485252,2135679,12161092,12605332,29583149
KI CHARTER ACADEMY,0,6578842,24200,1340645,5213997,0
KILGORE ISD,4162807,44201243,1765089,8150972,19053424,15231758
KILLEEN ISD,16651822,505296527,4381825,139150114,276619829,85144759
KINGSVILLE ISD,4894456,39797688,589955,11913898,16981847,10311988
KIPP TEXAS PUBLIC SCHOOLS,0,454365007,22951054,93033752,338380201,0
KIRBYVILLE CISD,1159651,18467102,242598,3477053,11467383,3280068
KLEIN ISD,93598148,584996766,17678581,119462992,220773984,227081209
KLONDIKE ISD,853812,5329950,374357,706677,187249,4061667
KNIPPA ISD,186433,6040003,124628,1023160,3934669,957546
KNOX CITY-O'BRIEN CISD,0,4776001,347669,1052315,2727285,648732
KOPPERL ISD,0,3041514,58971,561709,547290,1873544
KOUNTZE ISD,672295,18471724,1896784,3722617,8303249,4549074
KRESS ISD,294810,4341642,56702,690067,2356772,1238101
KRUM ISD,4289947,25795074,973768,3821483,10233282,10766541
LA ACADEMIA DE ESTRELLAS,0,13046729,14646,2448272,10583811,0
LA FE PREPARATORY SCHOOL,0,2821321,106697,629360,2085264,0
LA FERIA ISD,1005967,44549373,574603,14194597,24762603,5017570
LA GLORIA ISD,0,1845257,7389,529403,869163,439302
LA GRANGE ISD,2600361,26254015,2137442,5734458,5522565,12859550
LA JOYA ISD,8406136,385350144,2554077,134797825,216504538,31493704
LA PORTE ISD,29288836,93991227,4964734,17009461,5171618,66845414
LA PRYOR ISD,193032,9417563,108044,2132625,4503328,2673566
LA VEGA ISD,2628363,44866515,595133,12195785,21167786,10907811
LA VERNIA ISD,5740989,34684333,1489130,5190237,15230906,12774060
LA VILLA ISD,521963,10763016,171447,2773134,6520198,1298237
LACKLAND ISD,0,19864542,219569,10963226,8681747,0
LAGO VISTA ISD,7018516,18521194,771290,2060500,985398,14704006
LAKE DALLAS ISD,12094490,44193204,740487,6212804,12997413,24242500
LAKE GRANBURY ACADEMY CHARTER SCHOOL,0,1113488,0,432921,680567,0
LAKE TRAVIS ISD,47941351,109672995,9325990,7743093,5959301,86644611
LAKE WORTH ISD,5966193,47320438,1309387,9011700,24789591,12209760
LAMAR CISD,77194020,424177603,11011982,60077521,171163527,181924573
LAMESA ISD,2002691,25529335,3510832,5105482,12074070,4838951
LAMPASAS ISD,4068146,42734508,925322,7822220,19667884,14319082
LANCASTER ISD,15677747,90379864,2770890,21674360,28755044,37179570
LANEVILLE ISD,0,3128699,72775,658720,1360676,1036528
LAPOYNOR ISD,636636,7704641,117588,1657685,3787076,2142292
LAREDO ISD,11320826,301428928,4134073,103827508,169419386,24047961
LASARA ISD,131193,7560953,144180,3120929,3901393,394451
LATEXO ISD,333134,7503517,340665,1588100,3645427,1929325
LAZBUDDIE ISD,222287,2874575,68824,387064,1776243,642444
LEADERSHIP PREP SCHOOL,0,12471077,393796,326392,11750889,0
LEAKEY ISD,762244,5867609,196525,1129785,519851,4021448
LEANDER ISD,150707364,405830899,14264569,54909778,53680364,282976188
LEARY ISD,0,1509777,31185,237169,794474,446949
LEFORS ISD,345054,2773271,48223,464188,1501911,758949
LEGACY PREPARATORY,0,20667864,360743,4301208,16005913,0
LEGACY SCHOOL OF SPORT SCIENCES,0,4849960,240147,995940,3613873,0
LEGACY TRADITIONAL SCHOOLS - TEXAS,0,8440956,2228999,2956803,3255154,0
LEGGETT ISD,272564,3675926,32770,883549,1845352,914255
LEON ISD,1273033,10520725,661935,1553135,547264,7758391
LEONARD ISD,0,12268867,428714,1880411,7044747,2914995
LEVELLAND ISD,3563091,39266028,1220733,10955520,15621191,11468584
LEVERETTS CHAPEL ISD,0,4184630,197832,629448,3021166,336184
LEWISVILLE ISD,177015519,519367721,20865511,75566511,36450543,386485156
LEXINGTON ISD,691081,14967642,396345,1840423,7684366,5046508
LIBERTY HILL ISD,22356426,69099186,3906116,7627395,18915581,38650094
LIBERTY ISD,3570202,32684406,2563792,7982145,11406875,10731594
LIBERTY-EYLAU ISD,1229634,15933207,160681,7350932,1933056,6488538
LIFE SCHOOL,0,72202880,1112517,13298884,57791479,0
LIGHTHOUSE PUBLIC SCHOOLS,0,5909118,115664,1514410,4279044,0
LINDALE ISD,5562627,49814866,1022121,9163804,22320960,17307981
LINDEN-KILDARE CISD,0,10546487,220398,2158194,5235520,2932375
LINDSAY ISD,598,6667254,249465,729102,2141284,3547403
LINGLEVILLE ISD,455692,3994784,32139,556762,1955096,1450787
LIPAN ISD,809532,6451066,50948,868755,3185104,2346259
LITTLE CYPRESS-MAURICEVILLE CISD,4038861,39912111,1102756,8763908,19223293,10822154
LITTLE ELM ISD,28774083,87591226,2642608,11229429,15503048,58216141
LITTLEFIELD ISD,0,19257495,1673601,4920156,10255505,2408233
LIVINGSTON ISD,5078547,52831693,868319,12092646,20074840,19795888
LLANO ISD,5780918,26347192,1026093,6022356,944905,18353838
LOCKHART ISD,5555328,72025853,3330275,14793729,35045644,18856205
LOCKNEY ISD,560442,7417702,509986,1443719,4342326,1121671
LOHN ISD,98794,2877201,174396,256607,1461687,984511
LOMETA ISD,429386,6182788,101295,2120869,2495473,1465151
LONDON ISD,1904271,14019028,702109,1498297,5426998,6391624
LONE OAK ISD,1316925,14595106,971893,2221827,8088763,3312623
LONE STAR LANGUAGE ACADEMY,0,2169345,81059,225150,1863136,0
LONGVIEW ISD,23412899,125238277,5895686,28770810,43686345,46885436
LOOP ISD,345324,3231649,549621,329152,796962,1555914
LORAINE ISD,765897,2694475,146562,548181,431161,1568571
LORENA ISD,1734327,20330034,871193,2562049,9972354,6924438
LORENZO ISD,0,5848914,902895,1818012,1545484,1582523
LOS FRESNOS CISD,3513712,142521982,6272556,33983654,77804603,24461169
LOUISE ISD,2048,8115193,254790,1145693,2824852,3889858
LOVEJOY ISD,15549807,46868298,6251246,3451055,6233800,30932197
LOVELADY ISD,445599,7842509,126535,1404284,3693063,2618627
LUBBOCK ISD,21211821,325432503,11666503,80670698,116626278,116469024
LUBBOCK-COOPER ISD,21328907,80427702,3760697,12964929,26388830,37313246
LUEDERS-AVOCA ISD,59165,2622262,24821,471623,1278107,847711
LUFKIN ISD,7622776,99405002,2033318,23335089,44837601,29198994
LULING ISD,1898270,17588252,145946,3339218,8495990,5607098
LUMBERTON ISD,4166137,42266958,1012917,5767892,22398443,13087706
LUMIN EDUCATION,0,2754443,209556,587907,1956980,0
LYFORD CISD,1646457,28463891,5186015,7817221,10900301,4560354
LYTLE ISD,1424794,22653260,400978,4897503,12965143,4389636
MABANK ISD,4437455,42941234,1556598,8510535,17640734,15233367
MADISONVILLE CISD,1490480,33241598,888152,8436693,14145642,9771111
MAGNOLIA ISD,25615578,144969111,2819449,27279116,42222115,72648431
MALAKOFF ISD,5322547,20229745,583657,5286214,795800,13564074
MALONE ISD,34840,3011729,98581,722635,1606490,584023
MALTA ISD,15075,2454152,51961,298693,1881454,222044
MANARA ACADEMY,0,7040333,333966,1304850,5401517,0
MANOR ISD,34092687,109581822,2890932,22878021,22252029,61560840
MANSFIELD ISD,61708271,385064921,8965702,56320942,139244350,180533927
MARATHON ISD,0,1728456,41893,46271,560474,1079818
MARBLE FALLS ISD,11471083,47053755,1292461,7621500,2673292,35466502
MARFA ISD,660079,3962854,264395,469926,153572,3074961
MARION ISD,3366802,18686963,319765,2709252,6627038,9030908
MARLIN ISD,5170,16747442,1855074,4366650,7379087,3146631
MARSHALL ISD,7270406,62186499,1512791,17824627,18403175,24445906
MART ISD,1906872,10714038,3021262,1713957,4405457,1573362
MARTINS MILL ISD,230964,7656355,467866,1252220,4519939,1416330
MARTINSVILLE ISD,137437,6168847,210997,1328533,3759458,869859
MASON ISD,792646,11000679,364486,1671464,3997802,4966927
MATAGORDA ISD,296700,1746367,39331,417826,54751,1234459
MATHIS ISD,2736339,26397305,731060,9609039,9699174,6358032
MAUD ISD,29266,7250594,161813,817860,5538394,732527
MAY ISD,383438,4224193,68979,1183741,831281,2140192
MAYPEARL ISD,1561798,14416336,368033,1985958,7507423,4554922
MCALLEN ISD,7312227,343050098,13485478,124238651,118202542,87123427
MCCAMEY ISD,3018498,9382679,1737489,1779225,262827,5603138
MCDADE ISD,98259,5317814,32417,1152004,2827022,1306371
MCGREGOR ISD,1004141,20738074,2461815,4037357,9234847,5004055
MCKINNEY ISD,70259397,253859571,12589892,32635900,20755724,187878055
MCLEAN ISD,202207,2545768,45107,228989,1484660,787012
MCLEOD ISD,0,5398461,65161,639026,4335321,358953
MCMULLEN COUNTY ISD,4993435,5952479,394200,120212,995680,4442387
MEADOW ISD,34154,5164010,143274,1250027,3179297,591412
MEADOWLAND CHARTER DISTRICT,0,2655122,34729,1323196,1297197,0
MEDINA ISD,555417,4588316,150531,880170,697944,2859671
MEDINA VALLEY ISD,14677016,73981461,1056446,12647475,33046714,27230826
MELISSA ISD,10781871,54319303,3549884,4109788,25897987,20761644
MEMPHIS ISD,0,9247735,563998,2422166,4229437,2032134
MENARD ISD,0,6664627,779989,1916874,1876775,2090989
MERCEDES ISD,2255316,72879698,2006558,25476747,38494829,6901564
MERIDIAN ISD,481739,7568692,970141,1707238,2506407,2384906
MERIDIAN WORLD SCHOOL LLC,0,18236310,1218397,2092066,14925847,0
MERKEL ISD,950594,14502135,105888,2251934,7578833,4565480
MESQUITE ISD,48461336,445101823,12263811,79254137,257412420,96171455
MEXIA ISD,974244,27153425,250294,6952578,14795762,5154791
MEYERPARK ELEMENTARY,0,3412760,16151,810459,2586150,0
MEYERSVILLE ISD,0,2090682,52837,401545,846566,789734
MIAMI ISD,1455968,3132890,112158,301888,448690,2270154
MIDLAND ACADEMY CHARTER SCHOOL,0,4150377,28801,740870,3380706,0
MIDLAND ISD,23515610,327856579,12696989,42308312,77191059,195660219
MIDLOTHIAN ISD,32533969,130300894,20595189,18733138,41795656,49176911
MIDWAY ISD,17617955,85292949,3744845,10189257,13957815,57401032
MILANO ISD,452761,6780390,398306,1208775,3703204,1470105
MILDRED ISD,1389068,11208799,566371,1467130,4125384,5049914
MILES ISD,350843,7363507,148742,1084793,4962074,1167898
MILFORD ISD,71,4052874,92821,673075,2089439,1197539
MILLER GROVE ISD,229222,4681155,213876,633931,3004886,828462
MILLSAP ISD,1708627,14711872,473962,1459402,7565561,5212947
MINEOLA ISD,0,25557468,3009364,6043438,9273630,7231036
MINERAL WELLS ISD,3573695,44851598,1247308,10961444,22267305,10375541
MISSION CISD,4241057,225612323,1499483,89004660,109495781,25612399
MONAHANS-WICKETT-PYOTE ISD,4407008,26278552,690776,3895231,3651016,18041529
MONTAGUE ISD,0,2343802,54187,404404,1455787,429424
MONTE ALTO ISD,466104,13908715,193088,3648197,8312347,1755083
MONTESSORI FOR ALL,0,5579989,632119,989007,3958863,0
MONTGOMERY ISD,27200910,91833792,4835020,12735177,10195149,64068446
MOODY ISD,681431,10907463,228390,1682499,6451035,2545539
MORAN ISD,0,2880320,104088,511454,1763736,501042
MORGAN ISD,0,2572252,100306,510703,1115860,845383
MORGAN MILL ISD,0,1519163,56719,182065,188154,1092225
MORTON ISD,0,7559990,324128,2363774,4371261,500827
MOTLEY COUNTY ISD,0,4076343,594376,1046982,1187187,1247798
MOULTON ISD,867761,4638993,81187,578357,252848,3726601
MOUNT CALM ISD,32327,3849397,192158,900965,2352647,403627
MOUNT ENTERPRISE ISD,46975,7223151,311746,990942,5217643,702820
MOUNT PLEASANT ISD,4810613,69865349,3085016,17580174,34385906,14814253
MOUNT VERNON ISD,2628279,19974956,879607,4543982,3237341,11314026
MUENSTER ISD,1645134,6628991,212172,614214,1735364,4067241
MULESHOE ISD,634357,21391099,560574,5274854,12152778,3402893
MULLIN ISD,0,5953588,219812,1923733,2512776,1297267
MUMFORD ISD,0,9416380,1630105,1852747,4905775,1027753
MUNDAY CISD,724334,6805635,264434,1622260,3681216,1237725
MURCHISON ISD,0,3186316,77200,842609,1851387,415120
NACOGDOCHES ISD,5749097,88175407,1728172,26783275,36364609,23299351
NATALIA ISD,996278,15329764,309544,2079050,10000981,2940189
NAVARRO ISD,2944181,21859918,861177,2244412,7137727,11616602
NAVASOTA ISD,6704189,39823246,1878783,9375241,9207769,19361453
NAZARETH ISD,115445,3867484,385534,377505,2246209,858236
NECHES ISD,349702,5149061,76134,901938,2971286,1199703
NEDERLAND ISD,10149943,56205359,3833987,10115661,15289098,26966613
NEEDVILLE ISD,3893295,40099840,1879494,3659801,21730455,12830090
NEW BOSTON ISD,1082610,20170460,722235,2757208,12294080,4396937
NEW BRAUNFELS ISD,22839155,95094434,3410854,14094100,15980046,61609434
NEW CANEY ISD,29628231,214127065,4158277,41511823,111359344,57097621
NEW DEAL ISD,0,10829254,177876,1739610,4540978,4370790
NEW DIANA ISD,316034,14378681,384111,2383540,9129994,2481036
NEW FRONTIERS PUBLIC SCHOOLS INC,0,3924810,368154,1916445,1640211,0
NEW HOME ISD,776814,7354087,403404,724579,4766462,1459642
NEW SUMMERFIELD ISD,240012,9980291,90446,2447741,6615651,826453
NEW WAVERLY ISD,994033,14468899,508938,2194320,6608902,5156739
NEWCASTLE ISD,308344,3977351,111689,815187,2283324,767151
NEWMAN INTERNATIONAL ACADEMY OF ARLINGTO,0,33313741,483417,3886478,28943846,0
NEWTON ISD,709394,20849177,4817056,3589743,9334009,3108369
NIXON-SMILEY CISD,1458510,16633029,277791,4239179,3880125,8235934
NOCONA ISD,0,14718446,686791,3820531,7440177,2770947
NORDHEIM ISD,625163,2926536,117066,469095,79179,2261196
NORMANGEE ISD,1409658,8754494,714671,862342,3512868,3664613
NORTH EAST ISD,134400063,707122305,19218942,165368449,95554444,426980470
NORTH HOPKINS ISD,189966,8449969,615564,1245194,5499807,1089404
NORTH LAMAR ISD,3543343,30512562,3783525,4789784,8866408,13072845
NORTH TEXAS COLLEGIATE ACADEMY,0,9431533,24123,1445882,7961528,0
NORTH ZULCH ISD,382060,5504268,277725,778084,1980883,2467576
NORTHSIDE ISD,216771534,1142354689,31821294,249263521,262002122,599267752
NORTHWEST ISD,107405680,277380387,13204033,31131354,17678779,215366221
NOVA ACADEMY,0,1683083,11931,648784,1022368,0
NOVA ACADEMY SOUTHEAST,0,7468266,29013,2089389,5349864,0
NUECES CANYON CISD,0,4550865,70209,857777,703180,2919699
NURSERY ISD,245818,2191695,135871,465284,96155,1494385
NYOS CHARTER SCHOOL,0,17223621,1356700,1597360,14269561,0
O'DONNELL ISD,831551,6040234,328173,1460044,3251945,1000072
OAKWOOD ISD,323086,4031550,176452,894155,1309191,1651752
ODEM-EDROY ISD,1708288,13929024,415520,3924007,5477955,4111542
ODYSSEY ACADEMY INC,0,20967800,1102656,5249008,14616136,0
OGLESBY ISD,87,3428043,107543,714926,1475758,1129816
OLFEN ISD,8285,2695880,42580,397919,2128007,127374
OLNEY ISD,488692,12541974,1352296,2636726,5827043,2725909
OLTON ISD,0,9710843,200707,1971075,6086096,1452965
ONALASKA ISD,1224478,17292230,370243,3510339,7050757,6360891
ORANGE GROVE ISD,1046488,21411289,553218,5937264,11175220,3745587
ORANGEFIELD ISD,563315,21123152,1124193,3090065,10128010,6780884
ORE CITY ISD,351148,13561094,249317,2545337,8899631,1866809
ORENDA CHARTER SCHOOL,0,22091500,1540820,2566825,17983855,0
OVERTON ISD,273700,7738077,415345,1306912,5135471,880349
PADUCAH ISD,0,4172350,315347,1285037,1214520,1357446
PAINT CREEK ISD,595862,2612354,205896,433837,690698,1281923
PAINT ROCK ISD,643196,4400830,164783,810710,1141870,2283467
PALACIOS ISD,4030234,22879221,4612032,4159510,1329403,12778276
PALESTINE ISD,3893447,47502602,2247633,10213015,22548859,12493095
PALMER ISD,1199616,18195852,924007,2943123,10342641,3986081
PALO PINTO ISD,278692,1731476,18419,325375,64844,1322838
PAMPA ISD,2751591,41190501,1147590,7809195,21107118,11126598
PANHANDLE ISD,0,9109288,711926,1147750,2281900,4967712
PANOLA CHARTER SCHOOL,0,2321650,28273,261985,2031392,0
PANTHER CREEK CISD,71756,3406283,117679,740769,1182603,1365232
PARADISE ISD,1859820,14983262,434758,1704986,7409528,5433990
PARIS ISD,3032307,49657963,960673,12117836,24947072,11632382
PASADENA ISD,50949019,678694292,8064419,190275987,303576031,176777855
PATTON SPRINGS ISD,0,2591457,109722,510753,1031701,939281
PAWNEE ISD,752538,8235358,2513332,1436271,1200397,3085358
PEARLAND ISD,35671892,208518344,7405868,25581729,92540907,82989840
PEARSALL ISD,2897080,33034528,2899832,8828921,9348414,11957361
PEASTER ISD,2833048,20707184,2560230,3378057,9791695,4977202
PECOS-BARSTOW-TOYAH ISD,18587820,79047245,5126217,8850814,1618155,63452059
PEGASUS SCHOOL OF LIBERAL ARTS AND SCIEN,0,8484329,122832,3218687,5142810,0
PENELOPE ISD,0,3389516,165340,424168,2400195,399813
PERRIN-WHITT CISD,522613,4789192,448749,654494,885838,2800111
PERRYTON ISD,1120425,24485742,1035413,4592410,9948724,8909195
PETERSBURG ISD,3278153,5260633,161807,1038207,2803855,1256764
PETROLIA CISD,366140,7620928,338419,1126793,4534248,1621468
PETTUS ISD,1767489,7287304,212302,2157252,313141,4604609
PEWITT CISD,231724,13460490,369472,2732969,7208423,3149626
PFLUGERVILLE ISD,88096230,264204601,6573809,44441278,35366594,177822920
PHARR-SAN JUAN-ALAMO ISD,12441880,454186738,7118018,145197701,244950693,56920326
PILOT POINT ISD,2086131,19338521,1329244,2464472,5453592,10091213
PINE TREE ISD,5501522,57728490,1222964,12369501,27326748,16809277
PINEYWOODS COMMUNITY ACADEMY,0,12587333,322395,2541069,9723869,0
PIONEER TECHNOLOGY & ARTS ACADEMY,0,26242150,1190872,2848115,22203163,0
PITTSBURG ISD,1965371,31763675,521326,8873791,13563202,8805356
PLAINS ISD,4440909,6608948,338821,1141381,254144,4874602
PLAINVIEW ISD,3696259,64582066,948072,17728230,32986919,12918845
PLANO ISD,159074227,551862916,14860648,89926594,34990919,412084755
PLEASANT GROVE ISD,3709041,24377601,1288705,2579924,10381688,10127284
PLEASANTON ISD,4209152,48454257,2244181,11232661,14996574,19980841
PLEMONS-STINNETT-PHILLIPS CISD,3216643,9683589,277778,1130296,332388,7943127
POINT ISABEL ISD,1705596,32393140,402638,10389150,1959418,19641934
PONDER ISD,3993584,17699959,1158721,2235766,6988380,7317092
POOLVILLE ISD,686953,9138671,114331,1176122,4518095,3330123
POR VIDA ACADEMY,0,4475283,1870328,1142869,1462086,0
PORT ARANSAS ISD,1970716,9558543,426739,1334952,661148,7135704
PORT ARTHUR ISD,27343961,131979735,2070902,34613213,38693483,56602137
PORT NECHES-GROVES ISD,12541574,60175348,6901962,8688886,17455463,27129037
POSITIVE SOLUTIONS CHARTER SCHOOL,0,1676715,279770,278290,1118655,0
POST ISD,2536637,11274316,194414,2066485,5308777,3704640
POTEET ISD,2080349,22249556,303726,4407416,12558635,4979779
POTH ISD,962920,11572585,278310,1729550,6365828,3198897
POTTSBORO ISD,1489273,16913785,460140,3059687,3065331,10328627
PRAIRIE LEA ISD,393502,3525744,44212,603790,1466499,1411243
PRAIRIE VALLEY ISD,0,2676056,46064,530776,1171186,928030
PRAIRILAND ISD,1307046,14132700,554390,1197791,7036121,5344398
PRELUDE PREPARATORY CHARTER SCHOOL,0,1971614,871119,663499,436996,0
PREMIER HIGH SCHOOLS,0,61536509,211972,881063,60443474,0
PREMONT ISD,672727,13782235,108389,4310282,7731005,1632559
PRESIDIO ISD,382674,16050620,346685,3396729,10145377,2161829
PRIDDY ISD,150419,2489662,200945,336831,1517194,434692
PRINCETON ISD,11066003,79380930,2548917,9509905,45968093,21354015
PRINGLE-MORSE CISD,185014,2433542,65123,443251,517884,1407284
PRIORITY CHARTER SCHOOLS,0,10026332,116036,1925927,7984369,0
PROGRESO ISD,588603,22935044,232445,6468828,14090308,2143463
PROMESA ACADEMY CHARTER SCHOOL,0,4982980,851071,1150136,2981773,0
PROSPER ISD,64509905,251300417,18750945,13384681,95012584,124152207
QUANAH ISD,0,10844545,587373,3246855,3932901,3077416
QUEEN CITY ISD,292509,15030093,506198,3245629,5662386,5615880
QUINLAN ISD,1287693,35112993,797441,7354884,14808542,12152126
QUITMAN ISD,1026811,17604058,518033,2528928,8649924,5907173
RAINS ISD,1051376,22442390,1091109,5114181,8677909,7559191
RALLS ISD,0,7863723,192733,1946119,4513415,1211456
RAMIREZ CSD,0,1016866,12930,246633,488190,269113
RANCH ACADEMY,0,921531,44192,124036,753303,0
RANDOLPH FIELD ISD,0,22924087,615874,9750752,12557461,0
RANGER ISD,0,5531841,61500,1153875,2725390,1591076
RANKIN ISD,15854349,11853856,1404565,680873,379415,9389003
RAPOPORT ACADEMY PUBLIC SCHOOL,0,11566952,266026,1911417,9389509,0
RAUL YZAGUIRRE SCHOOLS FOR SUCCESS,0,24065122,807484,6955972,16301666,0
RAVEN SCHOOL,0,918412,1068,348254,569090,0
RAYMONDVILLE ISD,499104,32794617,787250,12091054,16449763,3466550
REAGAN COUNTY ISD,3474277,17024921,1472673,2113471,510142,12928635
RED LICK ISD,449580,5971315,251363,561661,2726114,2432177
RED OAK ISD,9678256,70053868,2141949,9874152,32553992,25483775
REDWATER ISD,544814,14001606,452222,1242929,9273994,3032461
REFUGIO ISD,1215449,12922589,528923,2924558,6016655,3452453
REVE PREPARATORY CHARTER SCHOOL,0,3160835,442097,878652,1840086,0
RICARDO ISD,0,10283525,278686,2340066,5465700,2199073
RICE CISD,1920501,16772981,891115,2839388,4432225,8610253
RICE ISD,927439,15261278,360584,2298534,10632735,1969425
RICHARD MILBURN ALTER HIGH SCHOOL (KILLE,0,20259262,417397,4673365,15168500,0
RICHARDS ISD,379165,3169587,70428,771809,531388,1795962
RICHARDSON ISD,91541996,439963033,11788104,86304933,67252170,274617826
RICHLAND COLLEGIATE HIGH SCHOOL,0,4324677,191710,0,4132967,0
RICHLAND SPRINGS ISD,177632,2741851,172309,405766,1116807,1046969
RIESEL ISD,1852224,10710381,434172,1149326,5467033,3659850
RIO GRANDE CITY GRULLA ISD,5854233,150582092,998346,62514105,75468886,11600755
RIO HONDO ISD,1511134,30179994,1081755,9023069,16455151,3620019
RIO VISTA ISD,1329106,13331220,327818,1962921,7423458,3617023
RISE ACADEMY,0,3383412,34471,629353,2719588,0
RISING STAR ISD,0,3252223,57482,537320,2066049,591372
RIVER ROAD ISD,814660,18194101,468289,3846002,10768804,3111006
RIVERCREST ISD,559175,10464606,379608,1727821,5756063,2601114
RIVIERA ISD,0,7271675,461646,984689,2649049,3176291
ROBERT LEE ISD,1959033,4979790,429921,600632,1115304,2833933
ROBINSON ISD,1954893,28049126,530821,3616327,14874462,9027516
ROBSTOWN ISD,3320252,36055918,455805,11432191,17417651,6750271
ROBY CISD,924750,6500467,1311821,761123,2933191,1494332
ROCHELLE ISD,0,3141299,59311,546330,1177139,1358519
ROCKDALE ISD,2170845,23294623,1299786,7370157,8828124,5796556
ROCKSPRINGS ISD,321950,5679588,118055,1371355,855754,3334424
ROCKWALL ISD,44208087,178168380,7267181,25501619,37099327,108300253
ROGERS ISD,794479,10913980,291226,1071430,7455403,2095921
ROMA ISD,3018296,96181750,3686935,36149216,49992894,6352705
ROOSEVELT ISD,593589,20543127,1510224,5038202,11109571,2885130
ROPES ISD,416692,7526657,502721,953049,4814621,1256266
ROSCOE COLLEGIATE ISD,1204356,57069744,2021909,829067,50734022,3484746
ROSEBUD-LOTT ISD,767452,11394175,504049,2031622,5988270,2870234
ROTAN ISD,1306498,7066631,2941696,749046,1252242,2123647
ROUND ROCK ISD,106584683,471835075,18947756,84013066,33420730,335453523
ROUND TOP-CARMINE ISD,269144,3606207,149994,420780,145075,2890358
ROYAL ISD,7674838,37391904,603456,8317675,7918545,20552228
ROYAL PUBLIC SCHOOLS,0,5150134,2596314,953120,1600700,0
ROYSE CITY ISD,15439398,84505094,3224422,10563471,41016468,29700733
RULE ISD,0,2724148,29320,419859,1615579,659390
RUNGE ISD,1143199,3548531,95278,688870,386670,2377713
RUSK ISD,563733,25795905,1173145,5693109,14331434,4598217
S AND S CISD,1547321,13684463,293766,1788317,6323413,5278967
SABINAL ISD,412739,8862282,199940,1935569,2504218,4222555
SABINE ISD,1132559,19197168,1735434,3274457,10082527,4104750
SABINE PASS ISD,2094586,7010520,723902,1461485,702734,4122399
SAINT JO ISD,547335,5149051,204476,729161,2182125,2033289
SALADO ISD,6170627,22636687,1597185,2525973,7718969,10794560
SALTILLO ISD,0,5555067,670620,1163584,3012298,708565
SAM HOUSTON STATE UNIVERSITY CHARTER SCH,0,4146046,212,180879,3964955,0
SAM RAYBURN ISD,265259,7564050,235602,739298,4925512,1663638
SAN ANGELO ISD,8260474,154478142,2529986,35408694,59145528,57393934
SAN ANTONIO ISD,105412457,676023494,13277114,221613844,218791070,222341466
SAN ANTONIO PREPARATORY SCHOOLS,0,3553052,584036,838670,2130346,0
SAN AUGUSTINE ISD,1626935,11823110,372379,2658241,3552820,5239670
SAN BENITO CISD,3438113,143214293,1791938,52543289,76069109,12809957
SAN DIEGO ISD,1478191,22738471,1011844,6995969,11500522,3230136
SAN ELIZARIO ISD,490144,46587306,330502,13808502,29719274,2729028
SAN FELIPE-DEL RIO CISD,1288349,131611064,2007153,39144448,68342772,22116691
SAN ISIDRO ISD,0,4357544,110743,1170989,1618797,1457015
SAN MARCOS CISD,20061564,102718158,2013424,24691276,8765503,67247955
SAN PERLITA ISD,447366,5557456,327674,1665295,2379470,1185017
SAN SABA ISD,1305008,10492213,159426,2191920,4208646,3932221
SAN VICENTE ISD,0,1406870,50157,265140,1006208,85365
SANDS CISD,37461,8542986,259220,622544,2595908,5065314
SANFORD-FRITCH ISD,361228,9633724,112296,1519489,6615667,1386272
SANGER ISD,2782333,39511618,5023786,7364581,12426998,14696253
SANTA ANNA ISD,83975,4971154,204709,1530222,2199353,1036870
SANTA FE ISD,7603130,52783743,4278870,12377675,17768575,18358623
SANTA GERTRUDIS ISD,264958,9878277,399843,1375339,7236399,866696
SANTA MARIA ISD,339866,13294788,176667,4548642,7798307,771172
SANTA ROSA ISD,339988,18873788,321003,6715816,10536697,1300272
SANTO ISD,1506,7416986,212216,995746,2391743,3817281
SAVOY ISD,188442,5163416,94468,819428,2648171,1601349
SCHERTZ-CIBOLO-U CITY ISD,31893364,153290794,3058772,19378504,69711383,61142135
SCHLEICHER ISD,0,7967960,356849,1400953,2686849,3523309
SCHOOL OF SCIENCE AND TECHNOLOGY,0,47879160,1260028,7362249,39256883,0
SCHOOL OF SCIENCE AND TECHNOLOGY DISCOVE,0,61351850,1422948,8480334,51448568,0
SCHULENBURG ISD,993381,10556034,762479,1692928,3019588,5081039
SCURRY-ROSSER ISD,578961,14634781,202468,2001116,8937443,3493754
SEAGRAVES ISD,678921,9930633,1706269,2304011,4191448,1728905
SEALY ISD,4405949,33025936,1489116,6035955,10549712,14951153
SEASHORE CHARTER SCHOOLS,0,4582516,276150,151793,4154573,0
SEGUIN ISD,15798361,88589077,1203888,25887432,24423973,37073784
SEMINOLE ISD,3869320,49178736,9825838,7708487,7152291,24492120
SER-NINOS CHARTER SCHOOL,0,14768136,343055,2050064,12375017,0
SEYMOUR ISD,338893,9772843,844778,1526320,4370618,3031127
SHALLOWATER ISD,1639223,22714676,2798221,3952876,11756685,4206894
SHAMROCK ISD,0,7029799,660566,1764370,3289560,1315303
SHARYLAND ISD,6100170,121728319,1950793,27835147,53763279,38179100
SHELBYVILLE ISD,158033,11130307,206303,1922615,6518860,2482529
SHELDON ISD,26679319,129816056,1708981,22083982,49804192,56218901
SHEPHERD ISD,1147584,25300798,437762,5670759,13972820,5219457
SHERMAN ISD,19681821,94755278,1129696,16526457,37498743,39600382
SHINER ISD,474512,9693595,722996,1078833,1396729,6495037
SIDNEY ISD,36297,2477037,49417,480641,1565598,381381
SIERRA BLANCA ISD,667652,2655666,35052,345547,632801,1642266
SILSBEE ISD,3421066,35631654,1316951,6479934,17646468,10188301
SILVERTON ISD,695302,3003070,121350,365378,1043628,1472714
SIMMS ISD,15926,7485082,211415,1393126,4514968,1365573
SINTON ISD,5376650,29339291,1031294,6054142,11194573,11059282
SIVELLS BEND ISD,0,1456032,53927,107050,303057,991998
SKIDMORE-TYNAN ISD,1181310,12884459,1544268,1882739,7270906,2186546
SLATON ISD,1863152,24416715,1495375,7504612,10617816,4798912
SLIDELL ISD,224178,5427983,203957,681557,1964612,2577857
SLOCUM ISD,167491,6189733,184314,1262775,3425532,1317112
SMITHVILLE ISD,2682732,22753440,820702,3557997,7524094,10850647
SMYER ISD,0,6524103,125486,1077441,4346460,974716
SNOOK ISD,941530,8460726,186346,1376194,3746868,3151318
SNYDER ISD,1433600,33513289,4459039,7124168,5733718,16196364
SOCORRO ISD,50694597,525008481,2898376,113598404,296972999,111538702
SOMERSET ISD,2182745,58354202,941447,15758831,34594008,7059916
SOMERVILLE ISD,1005800,8458520,140425,2014536,2876229,3427330
SONORA ISD,354994,10039625,552924,1593675,1984999,5908027
SOUTH SAN ANTONIO ISD,10360442,110098511,1768912,40181757,49192409,18955433
SOUTH TEXAS ISD,0,89694900,1015723,11429109,42885600,34364468
SOUTHLAND ISD,0,3197189,115636,459800,1354478,1267275
SOUTHSIDE ISD,6083309,92181268,1224121,30313283,42890262,17753602
SOUTHWEST ISD,20058559,181169850,8945735,42619083,86562993,43042039
SOUTHWEST PREPARATORY SCHOOL,0,13029285,1624139,3031745,8373401,0
SOUTHWEST SCHOOL,0,25407476,585684,7378886,17442906,0
SPEARMAN ISD,801067,11438539,378090,1680798,5652410,3727241
SPLENDORA ISD,4921904,53292471,1159083,9442436,32007565,10683387
SPRING BRANCH ISD,109753574,418769788,12106663,107937791,21439174,277286160
SPRING CREEK ISD,0,2036122,142687,125756,1399332,368347
SPRING HILL ISD,2577340,22647643,497261,3343599,13405028,5401755
SPRING ISD,65469269,402623150,5369530,103347892,153455993,140449735
SPRINGLAKE-EARTH ISD,0,5191639,68203,906241,3221031,996164
SPRINGTOWN ISD,3489434,46631034,1861638,6552075,19903783,18313538
SPUR ISD,561491,3846612,83423,852256,1507270,1403663
SPURGER ISD,20386,6175291,75989,1123559,3990030,985713
ST ANTHONY SCHOOL,0,4211787,37695,828741,3345351,0
ST MARY'S ACADEMY CHARTER SCHOOL,0,6460442,92985,2297542,4069915,0
STAFFORD MSD,7792854,40204129,1161251,7237701,2707016,29098161
STAMFORD ISD,370588,13409476,301941,3682928,8267712,1156895
STANTON ISD,6915948,16652404,2224169,1631713,668194,12128328
STEP CHARTER SCHOOL,0,7620609,20190,1299303,6301116,0
STEPHEN F AUSTIN STATE UNIVERSITY CHARTE,0,2559364,262183,41921,2255260,0
STEPHENVILLE ISD,6297388,40699057,1515688,6356450,12589402,20237517
STERLING CITY ISD,2082925,5384943,263556,337802,171787,4611798
STOCKDALE ISD,910156,12439525,512739,2778547,6584253,2563986
STRATFORD ISD,350428,8312824,357744,1007520,2581763,4365797
STRAWN ISD,0,2778126,127808,409583,1613338,627397
SUDAN ISD,967930,8400309,355209,2093799,838640,5112661
SULPHUR BLUFF ISD,74809,3605993,236954,564205,1730733,1074101
SULPHUR SPRINGS ISD,5234760,52548983,1534532,12756737,23562591,14695123
SUNDOWN ISD,552865,9619944,522098,946426,2134676,6016744
SUNNYVALE ISD,6160257,23009985,1326353,2293856,5645653,13744123
SUNRAY COLLEGIATE ISD,1279094,9308963,507551,1309385,4955647,2536380
SWEENY ISD,5534414,28666381,4498123,5695546,3088240,15384472
SWEET HOME ISD,0,2103960,212228,217679,896382,777671
SWEETWATER ISD,849250,26558567,674511,6518652,10442608,8922796
TAFT ISD,2120588,18686685,662848,4424859,6316146,7282832
TAHOKA ISD,1434580,11567079,1154799,2568432,5757037,2086811
TARKINGTON ISD,804644,23781558,471057,5978453,10084027,7248021
TATUM ISD,1937455,20025870,1868242,4365703,6209856,7582069
TAYLOR ISD,5878515,43040624,1079888,10141055,16633143,15186538
TEAGUE ISD,2509971,16508050,815106,2992528,5430153,7270263
TEKOA ACADEMY OF ACCELERATED STUDIES STE,0,6893518,2533,2835178,4055807,0
TEMPLE ISD,12994822,118168725,8423780,25755190,44275336,39714419
TENAHA ISD,167862,7401132,187454,915972,5176379,1121327
TERLINGUA CSD,0,2619168,165651,565479,932636,955402
TERRELL COUNTY ISD,912843,3633023,1346689,277806,168773,1839755
TERRELL ISD,9581033,62602503,1552787,12416337,24537810,24095569
TEXANS CAN ACADEMIES,0,66593332,4977521,16011581,45604230,0
TEXARKANA ISD,5665753,96130725,2450956,26178950,44099453,23401366
TEXAS CITY ISD,18996473,126141641,4764911,26731787,37958555,56686388
TEXAS COLLEGE PREPARATORY ACADEMIES,0,150633515,1137738,5805685,143690092,0
TEXAS EMPOWERMENT ACADEMY,0,14389373,8574073,1647239,4168061,0
TEXAS LEADERSHIP PUBLIC SCHOOLS,0,42260664,2263051,6044772,33952841,0
TEXAS PREPARATORY SCHOOL,0,2494819,643359,693218,1158242,0
TEXAS SCHOOL OF THE ARTS,0,2865342,-30157,229092,2666407,0
TEXAS SERENITY ACADEMY,0,5808534,76132,2996146,2736256,0
TEXHOMA ISD,159,1817591,64727,135163,841379,776322
TEXLINE ISD,136719,3375100,85911,267611,869100,2152478
THE EXCEL CENTER (FOR ADULTS),0,9622617,1394184,426546,7801887,0
THE GATHERING PLACE,0,7360344,89870,2129857,5140617,0
THE LAWSON ACADEMY,0,2831817,191624,941909,1698284,0
THE PRO-VISION ACADEMY,0,7062922,36547,2786961,4239414,0
THE RHODES SCHOOL FOR PERFORMING ARTS,0,14097125,535685,7510340,6051100,0
THE VARNETT PUBLIC SCHOOL,0,22323242,648588,9952251,11722403,0
THORNDALE ISD,159,9209222,493680,1111422,5432900,2171220
THRALL ISD,1130304,10951665,217886,1367996,6044776,3321007
THREE RIVERS ISD,2187852,9488669,513351,2015502,555240,6404576
THREE WAY ISD,0,3307996,78431,394410,2203063,632092
THROCKMORTON COLLEGIATE ISD,405700,3674215,576394,502654,1240444,1354723
TIDEHAVEN ISD,2703979,14147676,798866,2348583,1100698,9899529
TIMPSON ISD,333583,11173597,206295,2294932,7119301,1553069
TIOGA ISD,634201,9915235,810607,903045,6748160,1453423
TOLAR ISD,907085,11760877,990824,1610871,6090526,3068656
TOM BEAN ISD,589639,9217472,181664,923173,4964108,3148527
TOMBALL ISD,46614944,204748002,10677680,24207546,52140559,117722217
TORNILLO ISD,435129,16144542,246487,4707061,10315700,875294
TREETOPS SCHOOL INTERNATIONAL,0,3024441,27945,64406,2932090,0
TRENT ISD,493593,3125555,315089,415717,365782,2028967
TRENTON ISD,619595,9843877,266467,996346,5302091,3278973
TRINIDAD ISD,109538,2321730,52909,335388,1388065,545368
TRINITY BASIN PREPARATORY,0,57426553,610548,12307223,44508782,0
TRINITY CHARTER SCHOOL,0,8012120,91271,2092666,5828183,0
TRINITY ISD,993583,16638265,97724,3489004,8080954,4970583
TRIUMPH PUBLIC HIGH SCHOOLS-EL PASO,0,2861042,150,845999,2014893,0
TRIUMPH PUBLIC HIGH SCHOOLS-LAREDO,0,3138832,79030,1089322,1970480,0
TRIUMPH PUBLIC HIGH SCHOOLS-LUBBOCK,0,2230536,0,556903,1673633,0
TRIUMPH PUBLIC HIGH SCHOOLS-RIO GRANDE V,0,7077248,0,2062396,5014852,0
TRIVIUM ACADEMY,0,6378217,287172,524682,5566363,0
TROUP ISD,486341,14894528,321094,2681750,7442261,4449423
TROY ISD,1945960,18517322,731870,1730616,11144225,4910611
TULIA ISD,870253,15886031,774833,3534747,9337316,2239135
TULOSO-MIDWAY ISD,5241275,46605203,1644004,9026679,5381281,30553239
TURKEY-QUITAQUE ISD,179922,3463121,112113,971317,1516599,863092
TWO DIMENSIONS PREPARATORY ACADEMY,0,5027701,211985,750166,4065550,0
TYLER ISD,35001931,229048492,5362592,64203732,59265023,100217145
UME PREPARATORY ACADEMY,0,15525456,694845,856946,13973665,0
UNION GROVE ISD,520246,10025992,467947,1286059,6559641,1712345
UNION HILL ISD,0,4741756,149545,711723,2835165,1045323
UNITED ISD,40678573,509173993,8708941,149178562,185717805,165568685
UNIVERSAL ACADEMY,0,20630639,340773,2762449,17527417,0
UNIVERSITY OF TEXAS AT AUSTIN H S,0,5957813,877554,0,5080258,1
UNIVERSITY OF TEXAS ELEMENTARY CHARTER S,0,4335435,648237,806082,2881116,0
UNIVERSITY OF TEXAS UNIVERSITY CHARTER S,0,13106675,1478,4355290,8749907,0
UPLIFT EDUCATION,0,285784254,4978096,51065675,229740483,0
UT TYLER UNIVERSITY ACADEMY,0,9064023,176751,717686,8169586,0
UTOPIA ISD,0,3614952,58386,690522,572520,2293524
UTPB STEM ACADEMY,0,7309249,55469,399370,6854410,0
UVALDE CISD,2862379,63585944,1250004,25715040,23096304,13524596
VALENTINE ISD,0,1656860,16261,119148,1009417,512034
VALERE PUBLIC SCHOOLS,0,13587668,113752,3601775,9872141,0
VALLEY MILLS ISD,923749,9024621,349297,1317807,4647798,2709719
VALLEY VIEW ISD,3268019,79270601,484113,22267068,44295067,12224353
VALOR PUBLIC SCHOOLS,0,21640708,7509882,1509411,12621415,0
VAN ALSTYNE ISD,5379307,22677856,1212006,2010505,9436972,10018373
VAN ISD,2809459,29703268,639448,6490437,14004443,8568940
VAN VLECK ISD,6118816,15991998,1341941,3261973,4914884,6473200
VANGUARD ACADEMY,0,80328166,1192629,24194113,54941424,0
VEGA ISD,1942214,5424497,201076,439251,1602997,3181173
VENUS ISD,2163839,31540538,2246515,5950535,18526485,4817003
VERIBEST ISD,193733,4598173,374070,756594,1764029,1703480
VERNON ISD,0,25583208,2000169,5522296,9850669,8210074
VICTORIA ISD,14968253,153180874,3844512,31748835,54248939,63338588
VIDOR ISD,1416804,50599686,636865,14711104,20965160,14286557
VILLAGE TECH SCHOOLS,0,14785373,297604,1696442,12791327,0
VISTA DEL FUTURO CHARTER SCHOOL,0,3910744,56018,808503,3046223,0
VYSEHRAD ISD,0,1636039,34756,265064,720074,616145
WACO CHARTER SCHOOL,0,3090789,27809,888975,2174005,0
WACO ISD,14575069,205203981,15175943,47557777,74682623,67787638
WAELDER ISD,232182,5643701,138512,1384907,1643271,2477011
WALCOTT ISD,106252,2445362,39978,418470,1330139,656775
WALL ISD,1412669,17508467,351814,2282438,9886384,4987831
WALLER ISD,22511064,100273346,2318386,19468276,33013460,45473224
WALNUT BEND ISD,0,1197540,25249,194200,861021,117070
WALNUT SPRINGS ISD,0,3207520,67239,811174,1122347,1206760
WARREN ISD,1217838,16707849,438113,1876277,10994634,3398825
WASKOM ISD,1452478,13123948,930102,2326766,5331099,4535981
WATER VALLEY ISD,565192,6388281,869290,696946,3198823,1623222
WAXAHACHIE FAITH FAMILY ACADEMY,0,41890295,437246,13275757,28177292,0
WAXAHACHIE ISD,22004735,113659288,3049641,14973307,40474208,55162132
WAYSIDE SCHOOLS,0,24827895,712540,7054278,17061077,0
WEATHERFORD ISD,16389921,93831896,4504861,13055544,20140649,56130842
WEBB CISD,1970713,9292503,1070002,2369609,1842174,4010718
WEIMAR ISD,932095,9859399,363427,1214490,4051791,4229691
WELLINGTON ISD,0,7990542,163641,1715439,4269515,1841947
WELLMAN-UNION CISD,752159,4415151,254173,500314,2385155,1275509
WELLS ISD,187876,5052957,144817,1108338,2766509,1033293
WESLACO ISD,1119623,195554484,1758418,47724723,119170733,26900610
WEST HARDIN COUNTY CISD,228437,8869596,171915,1352556,4661097,2684028
WEST ISD,2770287,16737018,439190,3064409,7984684,5248735
WEST ORANGE-COVE CISD,5004505,37842502,4165479,10046942,3353276,20276805
WEST OSO ISD,2683750,26763371,432784,7064676,10844879,8421032
WEST RUSK COUNTY CONSOLIDATED ISD,1057623,14657401,235736,3210694,8082152,3128819
WEST SABINE ISD,530567,9199240,215402,1718495,5753191,1512152
WESTBROOK ISD,0,4138164,353345,530216,853565,2401038
WESTHOFF ISD,0,1638320,109780,302804,41366,1184370
WESTLAKE ACADEMY CHARTER SCHOOL,0,10106815,2136596,267004,7703215,0
WESTPHALIA ISD,0,2229192,121993,211744,1702944,192511
WESTWOOD ISD,0,19263208,390747,3347768,9915707,5608986
WHARTON ISD,4432540,24946207,917115,5782299,5930008,12316785
WHEELER ISD,407004,5774998,79418,983732,2653984,2057864
WHITE DEER ISD,919035,5084174,259132,601570,2113132,2110340
WHITE OAK ISD,1042041,18888701,1219577,3204376,10909974,3554774
WHITE SETTLEMENT ISD,12751771,79178609,2459252,14406637,36122036,26190684
WHITEFACE CISD,1469618,5366031,416012,1211164,605645,3133210
WHITEHOUSE ISD,7451588,52719391,1084743,8766666,19607430,23260552
WHITESBORO ISD,1958872,21711919,673284,4029594,6944708,10064333
WHITEWRIGHT ISD,598897,10725677,268366,1325259,5330951,3801101
WHITHARRAL ISD,124504,3666518,244471,378417,2537066,506564
WHITNEY ISD,2873543,19817508,627377,3757399,7889233,7543499
WICHITA FALLS ISD,20784901,161615481,2761729,43094458,69212037,46547257
WILDORADO ISD,1277792,3183270,240183,298448,685548,1959091
WILLIS ISD,14706549,85153338,2245181,11708843,28373472,42825842
WILLS POINT ISD,3776,33790438,619317,6514733,16922334,9734054
WILSON ISD,706834,3582267,196718,779604,1817954,787991
WIMBERLEY ISD,7723928,28017762,1392303,3174803,1952246,21498410
WINDTHORST ISD,152454,7494309,181626,917627,5418311,976745
WINFREE ACADEMY CHARTER SCHOOLS,0,10945165,230741,2064616,8649808,0
WINK-LOVING ISD,9597581,20782236,1334906,733353,2797317,15916660
WINNSBORO ISD,1714104,23014988,543308,4787133,11907280,5777267
WINONA ISD,1887133,17129193,336788,4579091,6033209,6180105
WINTERS ISD,0,10048272,383630,2724398,4793661,2146583
WODEN ISD,477839,10805525,186173,1880404,6672835,2066113
WOLFE CITY ISD,397716,11397550,472309,2186452,6989896,1748893
WOODSBORO ISD,1158624,8369956,1089074,1601136,3225457,2454289
WOODSON ISD,0,3134096,55277,463559,2194441,420819
WOODVILLE ISD,17671,20589811,2086167,4621465,8213265,5668914
WORTHAM ISD,449772,7264244,184708,1012965,4326229,1740342
WYLIE ISD,42070241,244614002,8532889,31173352,102973124,101934637
YANTIS ISD,0,6231577,148058,1582549,595778,3905192
YELLOWSTONE COLLEGE PREPARATORY,0,2906403,172903,1258578,1474922,0
YES PREP PUBLIC SCHOOLS INC,0,214413090,18292953,40511432,155608705,0
YOAKUM ISD,4713262,26054335,4230870,5709606,8975088,7138771
YORKTOWN ISD,393615,8665314,419174,1167920,295188,6783032
YSLETA ISD,36381417,503086725,3584970,136405090,286684977,76411688
ZAPATA COUNTY ISD,1987712,50726323,5819884,14940509,21392582,8573348
ZAVALLA ISD,448204,5137351,89381,1007403,2682241,1358326
ZEPHYR ISD,163074,3355913,106039,621379,1992288,636207
Grand Total,8860960306,67546683064,2250851644,14103811039,24396897632,26795122749